Signatur;PID;Mappe;Seiten XML;lokal;METS;Backup;GAMS-URLs;Bildmasse;Objekttyp;Autor;Datum;Sprache METS;Sprache erkannt;Transkribiert;Befund
SZ-AAL/B1.1;o:szd.3020;SZ_AAL_B1.1;3;3;3;3;OK;OK;Brief;Zweig, Lotte;20.12.1938;Deutsch (pauschal);en;ja;OK
SZ-AAL/B1.10;o:szd.3021;SZ_AAL_B1.10;5;5;5;5;OK;OK;Brief;Zweig, Stefan;29.1.1940;Deutsch (pauschal);de;ja;OK
SZ-AAL/B1.100;o:szd.3022;SZ_AAL_B1.100;5;5;5;5;OK;OK;Brief;Zweig, Lotte;15.2.1941;Deutsch (pauschal);en;ja;OK
SZ-AAL/B1.101;o:szd.3023;SZ_AAL_B1.101;3;3;3;3;OK;OK;Brief;Zweig, Lotte;17.2.1941;Deutsch (pauschal);en;ja;OK
SZ-AAL/B1.102;o:szd.3024;SZ_AAL_B1.102;3;3;3;3;OK;OK;Brief;Zweig, Stefan;02.1941;Deutsch (pauschal);en;ja;OK
SZ-AAL/B1.103;o:szd.3025;SZ_AAL_B1.103;7;7;7;7;OK;OK;Brief;Zweig, Lotte;7.3.1941;Deutsch (pauschal);en;ja;OK
SZ-AAL/B1.104;o:szd.3026;SZ_AAL_B1.104;5;5;5;5;OK;OK;Brief;Zweig, Stefan;12.3.1941;Deutsch (pauschal);en;ja;OK
SZ-AAL/B1.105;o:szd.3027;SZ_AAL_B1.105;3;3;3;3;OK;OK;Brief;Zweig, Lotte;13.3.1941;Deutsch (pauschal);en;ja;OK
SZ-AAL/B1.106;o:szd.3028;SZ_AAL_B1.106;3;3;3;3;OK;OK;Brief;Zweig, Lotte;13.3.1941;Deutsch (pauschal);en;ja;OK
SZ-AAL/B1.107;o:szd.3029;SZ_AAL_B1.107;3;3;3;3;OK;OK;Brief;Zweig, Lotte;19.3.1941;Deutsch (pauschal);en;ja;OK
SZ-AAL/B1.108;o:szd.3030;SZ_AAL_B1.108;5;5;5;5;OK;OK;Brief;Zweig, Stefan;31.3.1941;Deutsch (pauschal);en;ja;OK
SZ-AAL/B1.109;o:szd.3031;SZ_AAL_B1.109;2;2;2;2;OK;OK;Brief;Zweig, Lotte;04.1941;Deutsch (pauschal);en;ja;OK
SZ-AAL/B1.109a;o:szd.3032;SZ_AAL_B1.109a;3;3;3;3;OK;OK;Brieffragment;Zweig, Lotte;04.1941;Deutsch (pauschal);en;ja;OK
SZ-AAL/B1.11;o:szd.3033;SZ_AAL_B1.11;3;3;3;3;OK;OK;Postkarte;Zweig, Stefan;4.4.1940;Deutsch (pauschal);en;ja;OK
SZ-AAL/B1.110;o:szd.3034;SZ_AAL_B1.110;7;7;7;7;OK;OK;Brief;BRIEFE GEHÖREN NICHT ZUSAMMEN!;-;Deutsch (pauschal);en;ja;"Autor unueblich: 'BRIEFE GEHÖREN NICHT ZUSAMMEN!'; Datum leer"
SZ-AAL/B1.111;o:szd.3035;SZ_AAL_B1.111;3;3;3;3;OK;OK;Brief;Zweig, Stefan;04.1941;Deutsch (pauschal);-;nein;OK
SZ-AAL/B1.112;o:szd.3036;SZ_AAL_B1.112;3;3;3;3;OK;OK;Brief;Zweig, Stefan;4.4.1941;Deutsch (pauschal);-;nein;OK
SZ-AAL/B1.113;o:szd.3037;SZ_AAL_B1.113;3;3;3;3;OK;OK;Brief;Zweig, Stefan;5.4.1941;Deutsch (pauschal);-;nein;OK
SZ-AAL/B1.114;o:szd.3038;SZ_AAL_B1.114;5;5;5;5;OK;OK;Brief;Zweig, Lotte;5.4.1941;Deutsch (pauschal);-;nein;OK
SZ-AAL/B1.115;o:szd.3039;SZ_AAL_B1.115;3;3;3;3;OK;OK;Brief;Zweig, Stefan;10.4.1941;Deutsch (pauschal);-;nein;OK
SZ-AAL/B1.116;o:szd.3040;SZ_AAL_B1.116;3;3;3;3;OK;OK;Brief;Zweig, Lotte;10.4.1941;Deutsch (pauschal);-;nein;OK
SZ-AAL/B1.117;o:szd.3041;SZ_AAL_B1.117;5;5;5;5;OK;OK;Brief;Zweig, Stefan;04.1941;Deutsch (pauschal);-;nein;OK
SZ-AAL/B1.118;o:szd.3042;SZ_AAL_B1.118;3;3;3;3;OK;OK;Brief;Zweig, Lotte;16.4.1941;Deutsch (pauschal);-;nein;OK
SZ-AAL/B1.119;o:szd.3043;SZ_AAL_B1.119;5;5;5;5;OK;OK;Brief;Zweig, Lotte;18.4.1941;Deutsch (pauschal);-;nein;OK
SZ-AAL/B1.12;o:szd.3044;SZ_AAL_B1.12;3;3;3;3;OK;OK;Brief;Zweig, Stefan;1940;Deutsch (pauschal);-;nein;OK
SZ-AAL/B1.120;o:szd.3045;SZ_AAL_B1.120;5;5;5;5;OK;OK;Brief;Zweig, Lotte;25.4.1941;Deutsch (pauschal);-;nein;OK
SZ-AAL/B1.121;o:szd.3046;SZ_AAL_B1.121;3;3;3;3;OK;OK;Brief;Zweig, Lotte;29.4.1941;Deutsch (pauschal);-;nein;OK
SZ-AAL/B1.122;o:szd.3047;SZ_AAL_B1.122;5;5;5;5;OK;OK;Brief;Zweig, Stefan;04.1941;Deutsch (pauschal);-;nein;OK
SZ-AAL/B1.123;o:szd.3048;SZ_AAL_B1.123;3;3;3;3;OK;OK;Brief;Zweig, Stefan;04.1941;Deutsch (pauschal);-;nein;OK
SZ-AAL/B1.124;o:szd.3049;SZ_AAL_B1.124;7;7;7;7;OK;OK;Brief;Zweig, Stefan;6.5.1941;Deutsch (pauschal);-;nein;OK
SZ-AAL/B1.125;o:szd.3050;SZ_AAL_B1.125;5;5;5;5;OK;OK;Brief;Zweig, Lotte;8.5.1941;Deutsch (pauschal);-;nein;OK
SZ-AAL/B1.126;o:szd.3051;SZ_AAL_B1.126;4;4;4;4;OK;OK;Brief;Zweig, Stefan;12.5.1941;Deutsch (pauschal);-;nein;OK
SZ-AAL/B1.127;o:szd.3052;SZ_AAL_B1.127;3;3;3;3;OK;OK;Brief;Zweig, Lotte;14.5.1941;Deutsch (pauschal);-;nein;OK
SZ-AAL/B1.128;o:szd.3053;SZ_AAL_B1.128;3;3;3;3;OK;OK;Brief;Zweig, Stefan;05.1941;Deutsch (pauschal);-;nein;OK
SZ-AAL/B1.129;o:szd.3054;SZ_AAL_B1.129;5;5;5;5;OK;OK;Brief;Zweig, Stefan;18.5.1941;Deutsch (pauschal);-;nein;OK
SZ-AAL/B1.13;o:szd.3055;SZ_AAL_B1.13;3;3;3;3;OK;OK;Brief;Zweig, Stefan;1940;Deutsch (pauschal);-;nein;OK
SZ-AAL/B1.130;o:szd.3056;SZ_AAL_B1.130;3;3;3;3;OK;OK;Brief;Zweig, Lotte;18.5.1941;Deutsch (pauschal);-;nein;OK
SZ-AAL/B1.131;o:szd.3057;SZ_AAL_B1.131;3;3;3;3;OK;OK;Brief;Zweig, Stefan;05.1941;Deutsch (pauschal);-;nein;OK
SZ-AAL/B1.132;o:szd.3058;SZ_AAL_B1.132;5;5;5;5;OK;OK;Brief;Zweig, Lotte;14.5.1941;Deutsch (pauschal);-;nein;OK
SZ-AAL/B1.133;o:szd.3059;SZ_AAL_B1.133;5;5;5;5;OK;OK;Brief;Zweig, Lotte;1.6.1941;Deutsch (pauschal);-;nein;OK
SZ-AAL/B1.134;o:szd.3060;SZ_AAL_B1.134;3;3;3;3;OK;OK;Brief;Zweig, Lotte;2.6.1941;Deutsch (pauschal);-;nein;OK
SZ-AAL/B1.135;o:szd.3061;SZ_AAL_B1.135;3;3;3;3;OK;OK;Brief;Zweig, Stefan;06.1941;Deutsch (pauschal);-;nein;OK
SZ-AAL/B1.136;o:szd.3062;SZ_AAL_B1.136;5;5;5;5;OK;OK;Brief;Zweig, Stefan;2.6.1941;Deutsch (pauschal);-;nein;OK
SZ-AAL/B1.137;o:szd.3063;SZ_AAL_B1.137;5;5;5;5;OK;OK;Brief;Zweig, Stefan;8.6.1941;Deutsch (pauschal);-;nein;OK
SZ-AAL/B1.138;o:szd.3064;SZ_AAL_B1.138;3;3;3;3;OK;OK;Brief;Zweig, Lotte;17.6.1941;Deutsch (pauschal);-;nein;OK
SZ-AAL/B1.139;o:szd.3065;SZ_AAL_B1.139;3;3;3;3;OK;OK;Brief;Zweig, Lotte;20.6.1941;Deutsch (pauschal);-;nein;OK
SZ-AAL/B1.14;o:szd.3066;SZ_AAL_B1.14;5;5;5;5;OK;OK;Brief;Zweig, Lotte;12.1939;Deutsch (pauschal);-;nein;OK
SZ-AAL/B1.140;o:szd.3067;SZ_AAL_B1.140;3;3;3;3;OK;OK;Brief;Zweig, Lotte;25.6.1941;Deutsch (pauschal);-;nein;OK
SZ-AAL/B1.141;o:szd.3068;SZ_AAL_B1.141;3;3;3;3;OK;OK;Brief;Zweig, Stefan;26.6.1941;Deutsch (pauschal);-;nein;OK
SZ-AAL/B1.142;o:szd.3069;SZ_AAL_B1.142;5;5;5;5;OK;OK;Brief;Zweig, Stefan;1.7.1941;Deutsch (pauschal);-;nein;OK
SZ-AAL/B1.143;o:szd.3070;SZ_AAL_B1.143;3;3;3;3;OK;OK;Brief;Zweig, Lotte;4.7.1941;Deutsch (pauschal);-;nein;OK
SZ-AAL/B1.144;o:szd.3071;SZ_AAL_B1.144;4;4;4;4;OK;OK;Brief;Zweig, Stefan;07.1941;Deutsch (pauschal);-;nein;OK
SZ-AAL/B1.145;o:szd.3072;SZ_AAL_B1.145;3;3;3;3;OK;OK;Brief;Zweig, Lotte;6.7.1941;Deutsch (pauschal);-;nein;OK
SZ-AAL/B1.146;o:szd.3073;SZ_AAL_B1.146;5;5;5;5;OK;OK;Brief;Zweig, Lotte;12.7.1941;Deutsch (pauschal);-;nein;OK
SZ-AAL/B1.147;o:szd.3074;SZ_AAL_B1.147;5;5;5;5;OK;OK;Brief;Zweig, Lotte;19.7.1941;Deutsch (pauschal);-;nein;OK
SZ-AAL/B1.148;o:szd.3075;SZ_AAL_B1.148;3;3;3;3;OK;OK;Brief;Zweig, Stefan;07.1941;Deutsch (pauschal);-;nein;OK
SZ-AAL/B1.149;o:szd.3076;SZ_AAL_B1.149;5;5;5;5;OK;OK;Brief;Zweig, Lotte;21.7.1941;Deutsch (pauschal);-;nein;OK
SZ-AAL/B1.15;o:szd.3077;SZ_AAL_B1.15;3;3;3;3;OK;OK;Brief;Zweig, Stefan;7.10.1939;Deutsch (pauschal);-;nein;OK
SZ-AAL/B1.150;o:szd.3078;SZ_AAL_B1.150;5;5;5;5;OK;OK;Brief;Zweig, Lotte;25.7.1941;Deutsch (pauschal);-;nein;OK
SZ-AAL/B1.151;o:szd.3079;SZ_AAL_B1.151;5;5;5;5;OK;OK;Brief;Zweig, Stefan;31.7.1941;Deutsch (pauschal);-;nein;OK
SZ-AAL/B1.152;o:szd.3080;SZ_AAL_B1.152;3;3;3;3;OK;OK;Brief;Zweig, Lotte;31.7.1941;Deutsch (pauschal);-;nein;OK
SZ-AAL/B1.153;o:szd.3081;SZ_AAL_B1.153;3;3;3;3;OK;OK;Brief;Zweig, Stefan;08.1941;Deutsch (pauschal);-;nein;OK
SZ-AAL/B1.154;o:szd.3082;SZ_AAL_B1.154;3;3;3;3;OK;OK;Brief;Zweig, Lotte;6.8.1941;Deutsch (pauschal);-;nein;OK
SZ-AAL/B1.155;o:szd.3083;SZ_AAL_B1.155;3;3;3;3;OK;OK;Brief;Zweig, Lotte;6.8.1941;Deutsch (pauschal);-;nein;OK
SZ-AAL/B1.156;o:szd.3084;SZ_AAL_B1.156;5;5;5;5;OK;OK;Brief;Zweig, Lotte;11.8.1941;Deutsch (pauschal);-;nein;OK
SZ-AAL/B1.157;o:szd.3085;SZ_AAL_B1.157;5;5;5;5;OK;OK;Brief;Zweig, Stefan;08.1941;Deutsch (pauschal);-;nein;OK
SZ-AAL/B1.158;o:szd.3086;SZ_AAL_B1.158;3;3;3;3;OK;OK;Brief;Zweig, Lotte;15.8.1941;Deutsch (pauschal);-;nein;OK
SZ-AAL/B1.159;o:szd.3087;SZ_AAL_B1.159;3;3;3;3;OK;OK;Brief;Zweig, Stefan;08.1941;Deutsch (pauschal);-;nein;OK
SZ-AAL/B1.16;o:szd.3088;SZ_AAL_B1.16;3;3;3;3;OK;OK;Brief;Zweig, Stefan;02.1940;Deutsch (pauschal);-;nein;OK
SZ-AAL/B1.160;o:szd.3089;SZ_AAL_B1.160;3;3;3;3;OK;OK;Brief;Zweig, Lotte;24.8.1941;Deutsch (pauschal);-;nein;OK
SZ-AAL/B1.161;o:szd.3090;SZ_AAL_B1.161;3;3;3;3;OK;OK;Brief;Zweig, Stefan;08.1941;Deutsch (pauschal);-;nein;OK
SZ-AAL/B1.162;o:szd.3091;SZ_AAL_B1.162;3;3;3;3;OK;OK;Brieffragment;Zweig, Lotte;31.8.1941;Deutsch (pauschal);-;nein;OK
SZ-AAL/B1.163;o:szd.3092;SZ_AAL_B1.163;3;3;3;3;OK;OK;Brief;Zweig, Lotte;4.9.1941;Deutsch (pauschal);-;nein;OK
SZ-AAL/B1.164;o:szd.3093;SZ_AAL_B1.164;3;3;3;3;OK;OK;Brief;Zweig, Stefan;09.1941;Deutsch (pauschal);-;nein;OK
SZ-AAL/B1.165;o:szd.3094;SZ_AAL_B1.165;3;3;3;3;OK;OK;Brief;Zweig, Lotte;13.9.1941;Deutsch (pauschal);-;nein;OK
SZ-AAL/B1.166;o:szd.3095;SZ_AAL_B1.166;3;3;3;3;OK;OK;Brief;Zweig, Lotte;13.9.1941;Deutsch (pauschal);-;nein;OK
SZ-AAL/B1.167;o:szd.3096;SZ_AAL_B1.167;3;3;3;3;OK;OK;Brief;Zweig, Stefan;09.1941;Deutsch (pauschal);-;nein;OK
SZ-AAL/B1.168;o:szd.3097;SZ_AAL_B1.168;3;3;3;3;OK;OK;Brief;Zweig, Lotte;3.10.1941;Deutsch (pauschal);-;nein;OK
SZ-AAL/B1.169;o:szd.3098;SZ_AAL_B1.169;3;3;3;3;OK;OK;Brief;Zweig, Stefan;10.1941;Deutsch (pauschal);-;nein;OK
SZ-AAL/B1.17;o:szd.3099;SZ_AAL_B1.17;3;3;3;3;OK;OK;Brief;Zweig, Stefan;02.1940;Deutsch (pauschal);-;nein;OK
SZ-AAL/B1.170;o:szd.3100;SZ_AAL_B1.170;3;3;3;3;OK;OK;Brieffragment;Zweig, Lotte;10.1941;Deutsch (pauschal);-;nein;OK
SZ-AAL/B1.171;o:szd.3101;SZ_AAL_B1.171;3;3;3;3;OK;OK;Brief;Zweig, Stefan;10.1941;Deutsch (pauschal);-;nein;OK
SZ-AAL/B1.172;o:szd.3102;SZ_AAL_B1.172;3;3;3;3;OK;OK;Brief;Zweig, Lotte;11.10.1941;Deutsch (pauschal);-;nein;OK
SZ-AAL/B1.173;o:szd.3103;SZ_AAL_B1.173;3;3;3;3;OK;OK;Brief;Zweig, Stefan;10.1941;Deutsch (pauschal);-;nein;OK
SZ-AAL/B1.174;o:szd.3104;SZ_AAL_B1.174;3;3;3;3;OK;OK;Brief;Zweig, Stefan;16.10.1941;Deutsch (pauschal);-;nein;OK
SZ-AAL/B1.175;o:szd.3105;SZ_AAL_B1.175;6;6;6;6;OK;OK;Brief;Zweig, Lotte;28.10.1941;Deutsch (pauschal);-;nein;OK
SZ-AAL/B1.176;o:szd.3106;SZ_AAL_B1.176;3;3;3;3;OK;OK;Brief;Zweig, Stefan;10.1941;Deutsch (pauschal);-;nein;OK
SZ-AAL/B1.177;o:szd.3107;SZ_AAL_B1.177;3;3;3;3;OK;OK;Brief;Zweig, Lotte;7.11.1941;Deutsch (pauschal);-;nein;OK
SZ-AAL/B1.178;o:szd.3108;SZ_AAL_B1.178;5;5;5;5;OK;OK;Brief;Zweig, Lotte;7.11.1941;Deutsch (pauschal);-;nein;OK
SZ-AAL/B1.179;o:szd.3109;SZ_AAL_B1.179;3;3;3;3;OK;OK;Brief;Zweig, Stefan;10.11.1941;Deutsch (pauschal);-;nein;OK
SZ-AAL/B1.18;o:szd.3110;SZ_AAL_B1.18;3;3;3;3;OK;OK;Brief;Zweig, Stefan;15.12.1939;Deutsch (pauschal);-;nein;OK
SZ-AAL/B1.180;o:szd.3111;SZ_AAL_B1.180;3;3;3;3;OK;OK;Brief;Zweig, Lotte;10.11.1941;Deutsch (pauschal);-;nein;OK
SZ-AAL/B1.181;o:szd.3112;SZ_AAL_B1.181;5;5;5;5;OK;OK;Brief;Zweig, Stefan;15.11.1941;Deutsch (pauschal);-;nein;OK
SZ-AAL/B1.182;o:szd.3113;SZ_AAL_B1.182;3;3;3;3;OK;OK;Brief;Zweig, Lotte;16.11.1941;Deutsch (pauschal);-;nein;OK
SZ-AAL/B1.183;o:szd.3114;SZ_AAL_B1.183;3;3;3;3;OK;OK;Brief;Zweig, Lotte;24.11.1941;Deutsch (pauschal);-;nein;OK
SZ-AAL/B1.184;o:szd.3115;SZ_AAL_B1.184;3;3;3;3;OK;OK;Brief;Zweig, Stefan;24.11.1941;Deutsch (pauschal);-;nein;OK
SZ-AAL/B1.185;o:szd.3116;SZ_AAL_B1.185;5;5;5;5;OK;OK;Brief;Zweig, Lotte;2.12.1941;Deutsch (pauschal);-;nein;OK
SZ-AAL/B1.186;o:szd.3117;SZ_AAL_B1.186;3;3;3;3;OK;OK;Brief;Zweig, Stefan;10.12.1941;Deutsch (pauschal);-;nein;OK
SZ-AAL/B1.187;o:szd.3118;SZ_AAL_B1.187;3;3;3;3;OK;OK;Brief;Zweig, Stefan;31.12.1941;Deutsch (pauschal);-;nein;OK
SZ-AAL/B1.188;o:szd.3119;SZ_AAL_B1.188;3;3;3;3;OK;OK;Brief;Zweig, Lotte;10.1.1942;Deutsch (pauschal);-;nein;OK
SZ-AAL/B1.189;o:szd.3120;SZ_AAL_B1.189;3;3;3;3;OK;OK;Brief;Zweig, Lotte;01.1942;Deutsch (pauschal);-;nein;OK
SZ-AAL/B1.19;o:szd.3121;SZ_AAL_B1.19;3;3;3;3;OK;OK;Brief;Zweig, Stefan;28.11.1939;Deutsch (pauschal);-;nein;OK
SZ-AAL/B1.190;o:szd.3122;SZ_AAL_B1.190;3;3;3;3;OK;OK;Brief;Zweig, Lotte;16.1.1942;Deutsch (pauschal);-;nein;OK
SZ-AAL/B1.191;o:szd.3123;SZ_AAL_B1.191;5;5;5;5;OK;OK;Brief;Zweig, Stefan;21.1.1942;Deutsch (pauschal);-;nein;OK
SZ-AAL/B1.192;o:szd.3124;SZ_AAL_B1.192;3;3;3;3;OK;OK;Brief;Zweig, Stefan;01.1942;Deutsch (pauschal);-;nein;OK
SZ-AAL/B1.193;o:szd.3125;SZ_AAL_B1.193;3;3;3;3;OK;OK;Brief;Zweig, Lotte;21.1.1942;Deutsch (pauschal);-;nein;OK
SZ-AAL/B1.194;o:szd.3126;SZ_AAL_B1.194;3;3;3;3;OK;OK;Brief;Zweig, Lotte;01.1942;Deutsch (pauschal);-;nein;OK
SZ-AAL/B1.195;o:szd.3127;SZ_AAL_B1.195;3;3;3;3;OK;OK;Brief;Zweig, Stefan;1.2.1942;Deutsch (pauschal);-;nein;OK
SZ-AAL/B1.196;o:szd.3128;SZ_AAL_B1.196;3;3;3;3;OK;OK;Brief;Zweig, Lotte;1.2.1942;Deutsch (pauschal);-;nein;OK
SZ-AAL/B1.197;o:szd.3129;SZ_AAL_B1.197;3;3;3;3;OK;OK;Brief;Zweig, Stefan;10.2.1942;Deutsch (pauschal);-;nein;OK
SZ-AAL/B1.198;o:szd.3130;SZ_AAL_B1.198;3;3;3;3;OK;OK;Brief;Zweig, Lotte;10.2.1942;Deutsch (pauschal);-;nein;OK
SZ-AAL/B1.199;o:szd.3131;SZ_AAL_B1.199;5;5;5;5;OK;OK;Brief;Zweig, Lotte;21.2.1942;Deutsch (pauschal);-;nein;OK
SZ-AAL/B1.2;o:szd.3132;SZ_AAL_B1.2;3;3;3;3;OK;OK;Brief;Zweig, Stefan;02.1939;Deutsch (pauschal);-;nein;OK
SZ-AAL/B1.20;o:szd.3133;SZ_AAL_B1.20;3;3;3;3;OK;OK;Brief;Zweig, Stefan;11.1939;Deutsch (pauschal);-;nein;OK
SZ-AAL/B1.200;o:szd.3134;SZ_AAL_B1.200;5;5;5;5;OK;OK;Brief;Zweig, Stefan;21.2.1942;Deutsch (pauschal);-;nein;OK
SZ-AAL/B1.21;o:szd.3135;SZ_AAL_B1.21;3;3;3;3;OK;OK;Brief;Zweig, Stefan;10.1939;Deutsch (pauschal);-;nein;OK
SZ-AAL/B1.22;o:szd.3136;SZ_AAL_B1.22;3;3;3;3;OK;OK;Brief;Zweig, Stefan;23.9.1939;Deutsch (pauschal);-;nein;OK
SZ-AAL/B1.23;o:szd.3137;SZ_AAL_B1.23;3;3;3;3;OK;OK;Brief;Zweig, Stefan;14.10.1939;Deutsch (pauschal);-;nein;OK
SZ-AAL/B1.24;o:szd.3138;SZ_AAL_B1.24;3;3;3;3;OK;OK;Brief;Zweig, Stefan;12.3.1940;Deutsch (pauschal);-;nein;OK
SZ-AAL/B1.25;o:szd.3139;SZ_AAL_B1.25;3;3;3;3;OK;OK;Brief;Zweig, Stefan;20.10.1939;Deutsch (pauschal);-;nein;OK
SZ-AAL/B1.26;o:szd.3140;SZ_AAL_B1.26;3;3;3;3;OK;OK;Brief;Zweig, Stefan;19.9.1939;Deutsch (pauschal);-;nein;OK
SZ-AAL/B1.27;o:szd.3141;SZ_AAL_B1.27;5;5;5;5;OK;OK;Brief;Zweig, Lotte;25.6.1940;Deutsch (pauschal);-;nein;OK
SZ-AAL/B1.28;o:szd.3142;SZ_AAL_B1.28;3;3;3;3;OK;OK;Brief;Zweig, Lotte;25.6.1940;Deutsch (pauschal);-;nein;OK
SZ-AAL/B1.29;o:szd.3143;SZ_AAL_B1.29;3;3;3;3;OK;OK;Brief;Zweig, Lotte;8.7.1940;Deutsch (pauschal);-;nein;OK
SZ-AAL/B1.3;o:szd.3144;SZ_AAL_B1.3;3;3;3;3;OK;OK;Brief;Zweig, Stefan;01.1939;Deutsch (pauschal);-;nein;OK
SZ-AAL/B1.30;o:szd.3145;SZ_AAL_B1.30;5;5;5;5;OK;OK;Brief;Zweig, Lotte;07.1940;Deutsch (pauschal);-;nein;OK
SZ-AAL/B1.31;o:szd.3146;SZ_AAL_B1.31;3;3;3;3;OK;OK;Brief;Zweig, Lotte;13.7.1940;Deutsch (pauschal);-;nein;OK
SZ-AAL/B1.32;o:szd.3147;SZ_AAL_B1.32;5;5;5;5;OK;OK;Brief;Zweig, Lotte;18.7.1940;Deutsch (pauschal);-;nein;OK
SZ-AAL/B1.33;o:szd.3148;SZ_AAL_B1.33;3;3;3;3;OK;OK;Brief;Zweig, Lotte;18.7.1940;Deutsch (pauschal);-;nein;OK
SZ-AAL/B1.34;o:szd.3149;SZ_AAL_B1.34;5;5;5;5;OK;OK;Brief;Zweig, Lotte;21.7.1940;Deutsch (pauschal);-;nein;OK
SZ-AAL/B1.35;o:szd.3150;SZ_AAL_B1.35;7;7;7;7;OK;OK;Brief;Zweig, Lotte;25.7.1940;Deutsch (pauschal);-;nein;OK
SZ-AAL/B1.36;o:szd.3151;SZ_AAL_B1.36;3;3;3;3;OK;OK;Brief;Zweig, Stefan;27.7.1940;Deutsch (pauschal);-;nein;OK
SZ-AAL/B1.37;o:szd.3152;SZ_AAL_B1.37;3;3;3;3;OK;OK;Brief;Zweig, Stefan;28.7.1940;Deutsch (pauschal);-;nein;OK
SZ-AAL/B1.38;o:szd.3153;SZ_AAL_B1.38;3;3;3;3;OK;OK;Brief;Zweig, Stefan;07.1940;Deutsch (pauschal);-;nein;OK
SZ-AAL/B1.39;o:szd.3154;SZ_AAL_B1.39;3;3;3;3;OK;OK;Brief;Zweig, Stefan;07.1940;Deutsch (pauschal);-;nein;OK
SZ-AAL/B1.4;o:szd.3155;SZ_AAL_B1.4;5;5;5;5;OK;OK;Brief;Zweig, Stefan;11.9.1939;Deutsch (pauschal);-;nein;OK
SZ-AAL/B1.40;o:szd.3156;SZ_AAL_B1.40;5;5;5;5;OK;OK;Brief;Zweig, Lotte;4.8.1940;Deutsch (pauschal);-;nein;OK
SZ-AAL/B1.41;o:szd.3157;SZ_AAL_B1.41;5;5;5;5;OK;OK;Brief;Zweig, Lotte;14.8.1940;Deutsch (pauschal);-;nein;OK
SZ-AAL/B1.42;o:szd.3158;SZ_AAL_B1.42;5;5;5;5;OK;OK;Brief;Zweig, Stefan;1940;Deutsch (pauschal);-;nein;OK
SZ-AAL/B1.43;o:szd.3159;SZ_AAL_B1.43;3;3;3;3;OK;OK;Brief;Zweig, Lotte;08.1940;Deutsch (pauschal);-;nein;OK
SZ-AAL/B1.44;o:szd.3160;SZ_AAL_B1.44;3;3;3;3;OK;OK;Brief;Zweig, Stefan;23.8.1940;Deutsch (pauschal);-;nein;OK
SZ-AAL/B1.45;o:szd.3161;SZ_AAL_B1.45;3;3;3;3;OK;OK;Brief;Zweig, Lotte;23.8.1940;Deutsch (pauschal);-;nein;OK
SZ-AAL/B1.46;o:szd.3162;SZ_AAL_B1.46;3;3;3;3;OK;OK;Brief;Zweig, Lotte;6.9.1940;Deutsch (pauschal);-;nein;OK
SZ-AAL/B1.47;o:szd.3163;SZ_AAL_B1.47;3;3;3;3;OK;OK;Brief;Zweig, Lotte;10.9.1940;Deutsch (pauschal);-;nein;OK
SZ-AAL/B1.48;o:szd.3164;SZ_AAL_B1.48;3;3;3;3;OK;OK;Brief;Zweig, Lotte;15.9.1940;Deutsch (pauschal);-;nein;OK
SZ-AAL/B1.49;o:szd.3165;SZ_AAL_B1.49;3;3;3;3;OK;OK;Brief;Zweig, Stefan;15.9.1940;Deutsch (pauschal);-;nein;OK
SZ-AAL/B1.5;o:szd.3166;SZ_AAL_B1.5;3;3;3;3;OK;OK;Brief;Zweig, Stefan;1939;Deutsch (pauschal);-;nein;OK
SZ-AAL/B1.50;o:szd.3167;SZ_AAL_B1.50;3;3;3;3;OK;OK;Brief;Zweig, Stefan;09.1940;Deutsch (pauschal);-;nein;OK
SZ-AAL/B1.51;o:szd.3168;SZ_AAL_B1.51;5;5;5;5;OK;OK;Brief;Zweig, Lotte;22.9.1940;Deutsch (pauschal);-;nein;OK
SZ-AAL/B1.52;o:szd.3169;SZ_AAL_B1.52;5;5;5;5;OK;OK;Brief;Zweig, Stefan;29.9.1940;Deutsch (pauschal);-;nein;OK
SZ-AAL/B1.53;o:szd.3170;SZ_AAL_B1.53;3;3;3;3;OK;OK;Brief;Zweig, Lotte;6.10.1940;Deutsch (pauschal);-;nein;OK
SZ-AAL/B1.54;o:szd.3171;SZ_AAL_B1.54;5;5;5;5;OK;OK;Brief;Zweig, Lotte;10.10.1940;Deutsch (pauschal);-;nein;OK
SZ-AAL/B1.55;o:szd.3172;SZ_AAL_B1.55;3;3;3;3;OK;OK;Brief;Zweig, Lotte;16.10.1940;Deutsch (pauschal);-;nein;OK
SZ-AAL/B1.56;o:szd.3173;SZ_AAL_B1.56;7;7;7;7;OK;OK;Brief;Zweig, Lotte;19.10.1940;Deutsch (pauschal);-;nein;OK
SZ-AAL/B1.57;o:szd.3174;SZ_AAL_B1.57;3;3;3;3;OK;OK;Brief;Zweig, Lotte;23.10.1940;Deutsch (pauschal);-;nein;OK
SZ-AAL/B1.58;o:szd.3175;SZ_AAL_B1.58;3;3;3;3;OK;OK;Brief;Zweig, Stefan;26.10.1940;Deutsch (pauschal);-;nein;OK
SZ-AAL/B1.59;o:szd.3176;SZ_AAL_B1.59;3;3;3;3;OK;OK;Brief;Zweig, Lotte;27.10.1940;Deutsch (pauschal);-;nein;OK
SZ-AAL/B1.6;o:szd.3177;SZ_AAL_B1.6;3;3;3;3;OK;OK;Postkarte;Zweig, Stefan;6.11.1939;Deutsch (pauschal);-;nein;OK
SZ-AAL/B1.60;o:szd.3178;SZ_AAL_B1.60;3;3;3;3;OK;OK;Brief;Zweig, Lotte;1.11.1940;Deutsch (pauschal);-;nein;OK
SZ-AAL/B1.61;o:szd.3179;SZ_AAL_B1.61;5;5;5;5;OK;OK;Brief;Zweig, Lotte;9.11.1940;Deutsch (pauschal);-;nein;OK
SZ-AAL/B1.62;o:szd.3180;SZ_AAL_B1.62;5;5;5;5;OK;OK;Brief;Zweig, Stefan;12.11.1940;Deutsch (pauschal);-;nein;OK
SZ-AAL/B1.63;o:szd.3181;SZ_AAL_B1.63;5;5;5;5;OK;OK;Brief;Zweig, Stefan;15.11.1940;Deutsch (pauschal);-;nein;OK
SZ-AAL/B1.64;o:szd.3182;SZ_AAL_B1.64;3;3;3;3;OK;OK;Brief;Zweig, Lotte;19.11.1940;Deutsch (pauschal);-;nein;OK
SZ-AAL/B1.65;o:szd.3183;SZ_AAL_B1.65;5;5;5;5;OK;OK;Brief;Zweig, Lotte;22.11.1940;Deutsch (pauschal);-;nein;OK
SZ-AAL/B1.66;o:szd.3184;SZ_AAL_B1.66;5;5;5;5;OK;OK;Brief;Zweig, Lotte;27.11.1940;Deutsch (pauschal);-;nein;OK
SZ-AAL/B1.67;o:szd.3185;SZ_AAL_B1.67;3;3;3;3;OK;OK;Brief;Zweig, Lotte;3.12.1940;Deutsch (pauschal);-;nein;OK
SZ-AAL/B1.68;o:szd.3186;SZ_AAL_B1.68;3;3;3;3;OK;OK;Brief;Zweig, Stefan;12.1940;Deutsch (pauschal);-;nein;OK
SZ-AAL/B1.69;o:szd.3187;SZ_AAL_B1.69;5;5;5;5;OK;OK;Brief;Zweig, Stefan;7.12.1940;Deutsch (pauschal);-;nein;OK
SZ-AAL/B1.7;o:szd.3188;SZ_AAL_B1.7;3;3;3;3;OK;OK;Brief;Altmann, Eva;2.12.1939;Deutsch (pauschal);-;nein;OK
SZ-AAL/B1.70;o:szd.3189;SZ_AAL_B1.70;3;3;3;3;OK;OK;Brief;Zweig, Lotte;11.12.1940;Deutsch (pauschal);-;nein;OK
SZ-AAL/B1.71;o:szd.3190;SZ_AAL_B1.71;5;5;5;5;OK;OK;Brief;Zweig, Lotte;11.12.1940;Deutsch (pauschal);-;nein;OK
SZ-AAL/B1.73;o:szd.3191;SZ_AAL_B1.73;3;3;3;3;OK;OK;Brief;Zweig, Stefan;11.12.1940;Deutsch (pauschal);-;nein;OK
SZ-AAL/B1.74;o:szd.3192;SZ_AAL_B1.74;3;3;3;3;OK;OK;Brief;Zweig, Lotte;15.12.1940;Deutsch (pauschal);-;nein;OK
SZ-AAL/B1.75;o:szd.3193;SZ_AAL_B1.75;5;5;5;5;OK;OK;Brief;Zweig, Lotte;16.12.1940;Deutsch (pauschal);-;nein;OK
SZ-AAL/B1.76;o:szd.3194;SZ_AAL_B1.76;3;3;3;3;OK;OK;Brief;Zweig, Lotte;18.12.1940;Deutsch (pauschal);-;nein;OK
SZ-AAL/B1.77;o:szd.3195;SZ_AAL_B1.77;3;3;3;3;OK;OK;Postkarte;Zweig, Lotte;27.12.1940;Deutsch (pauschal);-;nein;OK
SZ-AAL/B1.77a;o:szd.3196;SZ_AAL_B1.77a;2;2;2;2;OK;OK;Brief;Zweig, Stefan;1940;Deutsch (pauschal);-;nein;OK
SZ-AAL/B1.78;o:szd.3197;SZ_AAL_B1.78;3;3;3;3;OK;OK;Brief;Zweig, Lotte;31.12.1940;Deutsch (pauschal);-;nein;OK
SZ-AAL/B1.79;o:szd.3198;SZ_AAL_B1.79;5;5;5;5;OK;OK;Brief;Zweig, Stefan;01.1941;Deutsch (pauschal);-;nein;OK
SZ-AAL/B1.8;o:szd.3199;SZ_AAL_B1.8;3;3;3;3;OK;OK;Brief;Zweig, Stefan;8.12.1939;Deutsch (pauschal);-;nein;OK
SZ-AAL/B1.80;o:szd.3200;SZ_AAL_B1.80;3;3;3;3;OK;OK;Brief;Zweig, Stefan;01.1941;Deutsch (pauschal);-;nein;OK
SZ-AAL/B1.81;o:szd.3201;SZ_AAL_B1.81;3;3;3;3;OK;OK;Brieffragment;Zweig, Lotte;11.1.1941;Deutsch (pauschal);-;nein;OK
SZ-AAL/B1.82;o:szd.3202;SZ_AAL_B1.82;7;7;7;7;OK;OK;Brief;Zweig, Lotte;12.1.1941;Deutsch (pauschal);-;nein;OK
SZ-AAL/B1.83;o:szd.3203;SZ_AAL_B1.83;5;5;5;5;OK;OK;Brief;Zweig, Stefan;12.1.1941;Deutsch (pauschal);-;nein;OK
SZ-AAL/B1.84;o:szd.3204;SZ_AAL_B1.84;5;5;5;5;OK;OK;Brief;Zweig, Stefan;16.1.1941;Deutsch (pauschal);-;nein;OK
SZ-AAL/B1.85;o:szd.3205;SZ_AAL_B1.85;5;5;5;5;OK;OK;Brief;Zweig, Lotte;22.1.1941;Deutsch (pauschal);-;nein;OK
SZ-AAL/B1.86;o:szd.3206;SZ_AAL_B1.86;5;5;5;5;OK;OK;Brief;Zweig, Stefan;22.1.1941;Deutsch (pauschal);-;nein;OK
SZ-AAL/B1.87;o:szd.3207;SZ_AAL_B1.87;3;3;3;3;OK;OK;Brief;Zweig, Stefan;01.1941;Deutsch (pauschal);-;nein;OK
SZ-AAL/B1.88;o:szd.3208;SZ_AAL_B1.88;7;7;7;7;OK;OK;Brief;Zweig, Lotte;25.1.1941;Deutsch (pauschal);-;nein;OK
SZ-AAL/B1.89;o:szd.3209;SZ_AAL_B1.89;5;5;5;5;OK;OK;Brief;Zweig, Lotte;27.1.1941;Deutsch (pauschal);-;nein;OK
SZ-AAL/B1.9;o:szd.3210;SZ_AAL_B1.9;3;3;3;3;OK;OK;Brief;Zweig, Lotte;19.12.1939;Deutsch (pauschal);-;nein;OK
SZ-AAL/B1.90;o:szd.3211;SZ_AAL_B1.90;3;3;3;3;OK;OK;Brief;Zweig, Stefan;27.1.1941;Deutsch (pauschal);-;nein;OK
SZ-AAL/B1.91;o:szd.3212;SZ_AAL_B1.91;5;5;5;5;OK;OK;Brief;Zweig, Lotte;29.1.1941;Deutsch (pauschal);-;nein;OK
SZ-AAL/B1.92;o:szd.3213;SZ_AAL_B1.92;3;3;3;3;OK;OK;Brief;Zweig, Stefan;30.1.1941;Deutsch (pauschal);-;nein;OK
SZ-AAL/B1.93;o:szd.3214;SZ_AAL_B1.93;3;3;3;3;OK;OK;Brief;Zweig, Stefan;31.1.1941;Deutsch (pauschal);-;nein;OK
SZ-AAL/B1.94;o:szd.3215;SZ_AAL_B1.94;3;3;3;3;OK;OK;Brief;Zweig, Stefan;01.1941;Deutsch (pauschal);-;nein;OK
SZ-AAL/B1.95;o:szd.3216;SZ_AAL_B1.95;5;5;5;5;OK;OK;Brief;Altmann, Eva;1.2.1941;Deutsch (pauschal);-;nein;OK
SZ-AAL/B1.96;o:szd.3217;SZ_AAL_B1.96;3;3;3;3;OK;OK;Brief;Zweig, Lotte;4.2.1941;Deutsch (pauschal);-;nein;OK
SZ-AAL/B1.97;o:szd.3218;SZ_AAL_B1.97;3;3;3;3;OK;OK;Brief;Zweig, Stefan;02.1941;Deutsch (pauschal);-;nein;OK
SZ-AAL/B1.98;o:szd.3219;SZ_AAL_B1.98;7;7;7;7;OK;OK;Brief;Zweig, Lotte;10.2.1941;Deutsch (pauschal);-;nein;OK
SZ-AAL/B1.99;o:szd.3220;SZ_AAL_B1.99;3;3;3;3;OK;OK;Brief;Zweig, Lotte;13.2.1941;Deutsch (pauschal);-;nein;OK
SZ-AAL/B10.1;o:szd.3221;SZ_AAL_B10.1;5;5;5;5;OK;OK;Brief;Zweig, Alfred;10.9.1937;Deutsch (pauschal);-;nein;OK
SZ-AAL/B10.2;o:szd.3222;SZ_AAL_B10.2;5;5;5;5;OK;OK;Brief;Zweig, Alfred;11.9.1937;Deutsch (pauschal);-;nein;OK
SZ-AAL/B10.3;o:szd.3223;SZ_AAL_B10.3;5;5;5;5;OK;OK;Brief;Zweig, Alfred;14.9.1937;Deutsch (pauschal);-;nein;OK
SZ-AAL/B10.4;o:szd.3224;SZ_AAL_B10.4;3;3;3;3;OK;OK;Brief;Zweig, Alfred;1.9.1938;Deutsch (pauschal);-;nein;OK
SZ-AAL/B10.5;o:szd.3225;SZ_AAL_B10.5;3;3;3;3;OK;OK;Brieffragment;Zweig, Alfred;8.9.1938;Deutsch (pauschal);-;nein;OK
SZ-AAL/B10.6;o:szd.3226;SZ_AAL_B10.6;15;15;15;15;OK;OK;Brieffragment;Zweig, Alfred;7.10.1938;Deutsch (pauschal);-;nein;OK
SZ-AAL/B10.7;o:szd.3227;SZ_AAL_B10.7;3;3;3;3;OK;OK;Brief;Birman, C.;17.11.1938;Deutsch (pauschal);-;nein;OK
SZ-AAL/B10.8;o:szd.3228;SZ_AAL_B10.8;3;3;3;3;OK;OK;Brief;Süssland, Ernst;21.11.1938;Deutsch (pauschal);-;nein;OK
SZ-AAL/B10.9;o:szd.3229;SZ_AAL_B10.9;3;3;3;3;OK;OK;Briefabschriften;Trading;21.11.1938;Deutsch (pauschal);-;nein;Autor unueblich: 'Trading'
SZ-AAL/B11;o:szd.3230;SZ_AAL_B11;3;3;3;3;OK;OK;Brief;Wolfenstein, Alfred;3.12.1937;Deutsch (pauschal);-;nein;OK
SZ-AAL/B12;o:szd.3231;SZ_AAL_B12;7;7;7;7;OK;OK;Brief;Beierle, Alfred;-;Deutsch (pauschal);-;nein;Datum leer
SZ-AAL/B13;o:szd.3232;SZ_AAL_B13;7;7;7;7;OK;OK;Brief;Zarek, Otto;30.9.1938;Deutsch (pauschal);-;nein;OK
SZ-AAL/B14;o:szd.3233;SZ_AAL_B14;5;5;5;5;OK;OK;Brief;Frenkel, Lotte;7.11.1935;Deutsch (pauschal);-;nein;OK
SZ-AAL/B15;o:szd.3234;SZ_AAL_B15;5;5;5;5;OK;OK;Brief;Kiefer, Oskar Alexander;2.10.1937;Deutsch (pauschal);-;nein;OK
SZ-AAL/B16;o:szd.3235;SZ_AAL_B16;5;5;5;5;OK;OK;Brief;Chaine, René;4.3.1938;Deutsch (pauschal);-;nein;OK
SZ-AAL/B17;o:szd.3236;SZ_AAL_B17;5;5;5;5;OK;OK;Brief;Rieger, Erwin;12.9.1937;Deutsch (pauschal);-;nein;OK
SZ-AAL/B18;o:szd.3237;SZ_AAL_B18;3;3;3;3;OK;OK;Telegramm;Monath, Paul;19.9.1939;Deutsch (pauschal);-;nein;OK
SZ-AAL/B19;o:szd.3238;SZ_AAL_B19;3;3;3;3;OK;OK;Brief;Sambat, M.;-;Deutsch (pauschal);-;nein;Datum leer
SZ-AAL/B2.1;o:szd.3239;SZ_AAL_B2.1;3;3;3;3;OK;OK;Brief;Zweig, Stefan;1.5.1934;Deutsch (pauschal);-;nein;OK
SZ-AAL/B2.10;o:szd.3240;SZ_AAL_B2.10;3;3;3;3;OK;OK;Brief;Zweig, Stefan;20.8.1934;Deutsch (pauschal);-;nein;OK
SZ-AAL/B2.11;o:szd.3241;SZ_AAL_B2.11;5;5;5;5;OK;OK;Brief;Zweig, Stefan;23.8.1934;Deutsch (pauschal);-;nein;OK
SZ-AAL/B2.12;o:szd.3242;SZ_AAL_B2.12;5;5;5;5;OK;OK;Brief;Zweig, Stefan;29.8.1934;Deutsch (pauschal);-;nein;OK
SZ-AAL/B2.13;o:szd.3243;SZ_AAL_B2.13;3;3;3;3;OK;OK;Postkarte;Zweig, Stefan;4.9.1934;Deutsch (pauschal);-;nein;OK
SZ-AAL/B2.14;o:szd.3244;SZ_AAL_B2.14;6;6;6;6;OK;OK;Brief;Zweig, Stefan;6.9.1934;Deutsch (pauschal);-;nein;OK
SZ-AAL/B2.15;o:szd.3245;SZ_AAL_B2.15;3;3;3;3;OK;OK;Brief;Zweig, Stefan;9.9.1934;Deutsch (pauschal);-;nein;OK
SZ-AAL/B2.16;o:szd.3246;SZ_AAL_B2.16;5;5;5;5;OK;OK;Brief;Zweig, Stefan;10.9.1934;Deutsch (pauschal);-;nein;OK
SZ-AAL/B2.17;o:szd.3247;SZ_AAL_B2.17;5;5;5;5;OK;OK;Brief;Zweig, Stefan;6.1.1935;Deutsch (pauschal);-;nein;OK
SZ-AAL/B2.18;o:szd.3248;SZ_AAL_B2.18;9;9;9;9;OK;OK;Brief;Zweig, Stefan;10.1.1935;Deutsch (pauschal);-;nein;OK
SZ-AAL/B2.19;o:szd.3249;SZ_AAL_B2.19;5;5;5;5;OK;OK;Brief;Zweig, Stefan;17.1.1935;Deutsch (pauschal);-;nein;OK
SZ-AAL/B2.2;o:szd.3250;SZ_AAL_B2.2;5;5;5;5;OK;OK;Brief;Zweig, Stefan;9.5.1934;Deutsch (pauschal);-;nein;OK
SZ-AAL/B2.20;o:szd.3251;SZ_AAL_B2.20;5;5;5;5;OK;OK;Brief;Zweig, Stefan;20.1.1935;Deutsch (pauschal);-;nein;OK
SZ-AAL/B2.21;o:szd.3252;SZ_AAL_B2.21;3;3;3;3;OK;OK;Ansichtspostkarte;Zweig, Stefan;24.1.1935;Deutsch (pauschal);-;nein;OK
SZ-AAL/B2.22;o:szd.3253;SZ_AAL_B2.22;3;3;3;3;OK;OK;Kuvert;Zweig, Stefan;19.2.1935;Deutsch (pauschal);-;nein;OK
SZ-AAL/B2.23;o:szd.3254;SZ_AAL_B2.23;3;3;3;3;OK;OK;Brief;Zweig, Stefan;02.1935;Deutsch (pauschal);-;nein;OK
SZ-AAL/B2.24;o:szd.3255;SZ_AAL_B2.24;7;7;7;7;OK;OK;Brief;Zweig, Stefan;4.3.1935;Deutsch (pauschal);-;nein;OK
SZ-AAL/B2.25;o:szd.3256;SZ_AAL_B2.25;5;5;5;5;OK;OK;Brief;Zweig, Stefan;23.3.1935;Deutsch (pauschal);-;nein;OK
SZ-AAL/B2.26;o:szd.3257;SZ_AAL_B2.26;5;5;5;5;OK;OK;Brief;Zweig, Stefan;2.4.1935;Deutsch (pauschal);-;nein;OK
SZ-AAL/B2.27;o:szd.3258;SZ_AAL_B2.27;3;3;3;3;OK;OK;Brief;Zweig, Stefan;04.1935;Deutsch (pauschal);-;nein;OK
SZ-AAL/B2.28;o:szd.3259;SZ_AAL_B2.28;5;5;5;5;OK;OK;Brief;Zweig, Stefan;10.4.1935;Deutsch (pauschal);-;nein;OK
SZ-AAL/B2.29;o:szd.3260;SZ_AAL_B2.29;7;7;7;7;OK;OK;Brief;Zweig, Stefan;14.4.1935;Deutsch (pauschal);-;nein;OK
SZ-AAL/B2.3;o:szd.3261;SZ_AAL_B2.3;3;3;3;3;OK;OK;Postkarte;Zweig, Stefan;30.7.1934;Deutsch (pauschal);-;nein;OK
SZ-AAL/B2.30;o:szd.3262;SZ_AAL_B2.30;3;3;3;3;OK;OK;Brief;Zweig, Stefan;04.1935;Deutsch (pauschal);-;nein;OK
SZ-AAL/B2.31;o:szd.3263;SZ_AAL_B2.31;3;3;3;3;OK;OK;Ansichtspostkarte;Zweig, Stefan;22.4.1935;Deutsch (pauschal);-;nein;OK
SZ-AAL/B2.32;o:szd.3264;SZ_AAL_B2.32;7;7;7;7;OK;OK;Brief;Zweig, Stefan;29.4.1935;Deutsch (pauschal);-;nein;OK
SZ-AAL/B2.33;o:szd.3265;SZ_AAL_B2.33;7;7;7;7;OK;OK;Brief;Zweig, Stefan;9.5.1935;Deutsch (pauschal);-;nein;OK
SZ-AAL/B2.34;o:szd.3266;SZ_AAL_B2.34;7;7;7;7;OK;OK;Brief;Zweig, Stefan;19.5.1935;Deutsch (pauschal);-;nein;OK
SZ-AAL/B2.35;o:szd.3267;SZ_AAL_B2.35;7;7;7;7;OK;OK;Brief;Zweig, Stefan;31.5.1935;Deutsch (pauschal);-;nein;OK
SZ-AAL/B2.36;o:szd.3268;SZ_AAL_B2.36;5;5;5;5;OK;OK;Brief;Zweig, Stefan;6.6.1935;Deutsch (pauschal);-;nein;OK
SZ-AAL/B2.37;o:szd.3269;SZ_AAL_B2.37;5;5;5;5;OK;OK;Brief;Zweig, Stefan;12.6.1935;Deutsch (pauschal);-;nein;OK
SZ-AAL/B2.38;o:szd.3270;SZ_AAL_B2.38;7;7;7;7;OK;OK;Brief;Zweig, Stefan;13.6.1935;Deutsch (pauschal);-;nein;OK
SZ-AAL/B2.39;o:szd.3271;SZ_AAL_B2.39;7;7;7;7;OK;OK;Brief;Zweig, Stefan;14.6.1935;Deutsch (pauschal);-;nein;OK
SZ-AAL/B2.4;o:szd.3272;SZ_AAL_B2.4;13;13;13;13;OK;OK;Brief;Zweig, Stefan;5.8.1934;Deutsch (pauschal);-;nein;OK
SZ-AAL/B2.40;o:szd.3273;SZ_AAL_B2.40;5;5;5;5;OK;OK;Brief;Zweig, Stefan;16.6.1935;Deutsch (pauschal);-;nein;OK
SZ-AAL/B2.41;o:szd.3274;SZ_AAL_B2.41;7;7;7;7;OK;OK;Brief;Zweig, Stefan;30.7.1935;Deutsch (pauschal);-;nein;OK
SZ-AAL/B2.42;o:szd.3275;SZ_AAL_B2.42;5;5;5;5;OK;OK;Brief;Zweig, Stefan;4.8.1935;Deutsch (pauschal);-;nein;OK
SZ-AAL/B2.43;o:szd.3276;SZ_AAL_B2.43;5;5;5;5;OK;OK;Brief;Zweig, Stefan;9.8.1935;Deutsch (pauschal);-;nein;OK
SZ-AAL/B2.44;o:szd.3277;SZ_AAL_B2.44;5;5;5;5;OK;OK;Brief;Zweig, Stefan;20.8.1935;Deutsch (pauschal);-;nein;OK
SZ-AAL/B2.45;o:szd.3278;SZ_AAL_B2.45;7;7;7;7;OK;OK;Brief;Zweig, Stefan;25.8.1935;Deutsch (pauschal);-;nein;OK
SZ-AAL/B2.46;o:szd.3279;SZ_AAL_B2.46;5;5;5;5;OK;OK;Brief;Zweig, Stefan;09-4.1935;Deutsch (pauschal);-;nein;OK
SZ-AAL/B2.47;o:szd.3280;SZ_AAL_B2.47;5;5;5;5;OK;OK;Brief;Zweig, Stefan;8.9.1935;Deutsch (pauschal);-;nein;OK
SZ-AAL/B2.48;o:szd.3281;SZ_AAL_B2.48;7;7;7;7;OK;OK;Brief;Zweig, Stefan;12.9.1935;Deutsch (pauschal);-;nein;OK
SZ-AAL/B2.49;o:szd.3282;SZ_AAL_B2.49;5;5;5;5;OK;OK;Brief;Zweig, Stefan;14.9.1935;Deutsch (pauschal);-;nein;OK
SZ-AAL/B2.5;o:szd.3283;SZ_AAL_B2.5;3;3;3;3;OK;OK;Postkarte;Zweig, Stefan;6.8.1934;Deutsch (pauschal);-;nein;OK
SZ-AAL/B2.50;o:szd.3284;SZ_AAL_B2.50;3;3;3;3;OK;OK;Postkarte;Zweig, Stefan;19.9.1935;Deutsch (pauschal);-;nein;OK
SZ-AAL/B2.51;o:szd.3285;SZ_AAL_B2.51;3;3;3;3;OK;OK;Postkarte;Zweig, Stefan;23.9.1935;Deutsch (pauschal);-;nein;OK
SZ-AAL/B2.52;o:szd.3286;SZ_AAL_B2.52;5;5;5;5;OK;OK;Brief;Zweig, Stefan;2.12.1935;Deutsch (pauschal);-;nein;OK
SZ-AAL/B2.53;o:szd.3287;SZ_AAL_B2.53;3;3;3;3;OK;OK;Ansichtspostkarte;Zweig, Stefan;4.12.1935;Deutsch (pauschal);-;nein;OK
SZ-AAL/B2.54;o:szd.3288;SZ_AAL_B2.54;6;6;6;6;OK;OK;Brief;Zweig, Stefan;15.12.1935;Deutsch (pauschal);-;nein;OK
SZ-AAL/B2.55;o:szd.3289;SZ_AAL_B2.55;3;3;3;3;OK;OK;Kuvert;Zweig, Stefan;20.12.1935;Deutsch (pauschal);-;nein;OK
SZ-AAL/B2.56;o:szd.3290;SZ_AAL_B2.56;5;5;5;5;OK;OK;Brief;Zweig, Stefan;21.12.1935;Deutsch (pauschal);-;nein;OK
SZ-AAL/B2.57;o:szd.3291;SZ_AAL_B2.57;5;5;5;5;OK;OK;Brief;Zweig, Stefan;23.12.1935;Deutsch (pauschal);-;nein;OK
SZ-AAL/B2.58;o:szd.3292;SZ_AAL_B2.58;5;5;5;5;OK;OK;Brief;Zweig, Stefan;24.12.1935;Deutsch (pauschal);-;nein;OK
SZ-AAL/B2.59;o:szd.3293;SZ_AAL_B2.59;5;5;5;5;OK;OK;Brief;Zweig, Stefan;20.6.1936;Deutsch (pauschal);-;nein;OK
SZ-AAL/B2.6;o:szd.3294;SZ_AAL_B2.6;3;3;3;3;OK;OK;Brief;Zweig, Stefan;8.8.1934;Deutsch (pauschal);-;nein;OK
SZ-AAL/B2.60;o:szd.3295;SZ_AAL_B2.60;5;5;5;5;OK;OK;Brief;Zweig, Stefan;21.6.1936;Deutsch (pauschal);-;nein;OK
SZ-AAL/B2.61;o:szd.3296;SZ_AAL_B2.61;3;3;3;3;OK;OK;Kuvert;Zweig, Stefan;21.6.1936;Deutsch (pauschal);-;nein;OK
SZ-AAL/B2.62;o:szd.3297;SZ_AAL_B2.62;3;3;3;3;OK;OK;Brief;Zweig, Stefan;22.6.1936;Deutsch (pauschal);-;nein;OK
SZ-AAL/B2.63;o:szd.3298;SZ_AAL_B2.63;8;8;8;8;OK;OK;Brief;Zweig, Stefan;24.6.1936;Deutsch (pauschal);-;nein;OK
SZ-AAL/B2.64;o:szd.3299;SZ_AAL_B2.64;4;4;4;4;OK;OK;Brief;Zweig, Stefan;29.6.1936;Deutsch (pauschal);-;nein;OK
SZ-AAL/B2.65;o:szd.3300;SZ_AAL_B2.65;3;3;3;3;OK;OK;Brief;Zweig, Stefan;3.7.1936;Deutsch (pauschal);-;nein;OK
SZ-AAL/B2.66;o:szd.3301;SZ_AAL_B2.66;5;5;5;5;OK;OK;Brief;Zweig, Stefan;8.8.1936;Deutsch (pauschal);-;nein;OK
SZ-AAL/B2.67;o:szd.3302;SZ_AAL_B2.67;5;5;5;5;OK;OK;Brief;Zweig, Stefan;10.8.1936;Deutsch (pauschal);-;nein;OK
SZ-AAL/B2.68;o:szd.3303;SZ_AAL_B2.68;7;7;7;7;OK;OK;Brief;Zweig, Stefan;21.8.1936;Deutsch (pauschal);-;nein;OK
SZ-AAL/B2.69;o:szd.3304;SZ_AAL_B2.69;5;5;5;5;OK;OK;Brief;Zweig, Stefan;26.8.1936;Deutsch (pauschal);-;nein;OK
SZ-AAL/B2.7;o:szd.3305;SZ_AAL_B2.7;3;3;3;3;OK;OK;Postkarte;Zweig, Stefan;11.8.1934;Deutsch (pauschal);-;nein;OK
SZ-AAL/B2.70;o:szd.3306;SZ_AAL_B2.70;5;5;5;5;OK;OK;Brief;Zweig, Stefan;3.9.1936;Deutsch (pauschal);-;nein;OK
SZ-AAL/B2.71;o:szd.3307;SZ_AAL_B2.71;5;5;5;5;OK;OK;Brief;Zweig, Stefan;12.9.1936;Deutsch (pauschal);-;nein;OK
SZ-AAL/B2.72;o:szd.3308;SZ_AAL_B2.72;5;5;5;5;OK;OK;Brief;Zweig, Stefan;17.9.1936;Deutsch (pauschal);-;nein;OK
SZ-AAL/B2.73;o:szd.3309;SZ_AAL_B2.73;3;3;3;3;OK;OK;Brief;Zweig, Stefan;20.12.1936;Deutsch (pauschal);-;nein;OK
SZ-AAL/B2.74;o:szd.3310;SZ_AAL_B2.74;5;5;5;5;OK;OK;Brief;Zweig, Stefan;7.5.1937;Deutsch (pauschal);-;nein;OK
SZ-AAL/B2.75;o:szd.3311;SZ_AAL_B2.75;3;3;3;3;OK;OK;Ansichtspostkarte;Zweig, Stefan;8.5.1937;Deutsch (pauschal);-;nein;OK
SZ-AAL/B2.76;o:szd.3312;SZ_AAL_B2.76;5;5;5;5;OK;OK;Brief;Zweig, Stefan;11.5.1937;Deutsch (pauschal);-;nein;OK
SZ-AAL/B2.77;o:szd.3313;SZ_AAL_B2.77;4;4;4;4;OK;OK;Brief;Zweig, Stefan;12.5.1937;Deutsch (pauschal);-;nein;OK
SZ-AAL/B2.78;o:szd.3314;SZ_AAL_B2.78;7;7;7;7;OK;OK;Brief;Zweig, Stefan;14.5.1937;Deutsch (pauschal);-;nein;OK
SZ-AAL/B2.79;o:szd.3315;SZ_AAL_B2.79;5;5;5;5;OK;OK;Brief;Zweig, Stefan;19.8.1937;Deutsch (pauschal);-;nein;OK
SZ-AAL/B2.8;o:szd.3316;SZ_AAL_B2.8;3;3;3;3;OK;OK;Brief;Zweig, Stefan;13.8.1934;Deutsch (pauschal);-;nein;OK
SZ-AAL/B2.80;o:szd.3317;SZ_AAL_B2.80;5;5;5;5;OK;OK;Brief;Zweig, Stefan;21.8.1937;Deutsch (pauschal);-;nein;OK
SZ-AAL/B2.81;o:szd.3318;SZ_AAL_B2.81;5;5;5;5;OK;OK;Brief;Zweig, Stefan;23.8.1937;Deutsch (pauschal);-;nein;OK
SZ-AAL/B2.82;o:szd.3319;SZ_AAL_B2.82;3;3;3;3;OK;OK;Postkarte;Zweig, Stefan;25.8.1937;Deutsch (pauschal);-;nein;OK
SZ-AAL/B2.83;o:szd.3320;SZ_AAL_B2.83;3;3;3;3;OK;OK;Postkarte;Zweig, Stefan;27.8.1937;Deutsch (pauschal);-;nein;OK
SZ-AAL/B2.84;o:szd.3321;SZ_AAL_B2.84;3;3;3;3;OK;OK;Postkarte;Zweig, Stefan;30.8.1937;Deutsch (pauschal);-;nein;OK
SZ-AAL/B2.85;o:szd.3322;SZ_AAL_B2.85;3;3;3;3;OK;OK;Ansichtspostkarte;Zweig, Stefan;26.11.1937;Deutsch (pauschal);-;nein;OK
SZ-AAL/B2.86;o:szd.3323;SZ_AAL_B2.86;3;3;3;3;OK;OK;Postkarte;Zweig, Stefan;8.11.1938;Deutsch (pauschal);-;nein;OK
SZ-AAL/B2.87;o:szd.3324;SZ_AAL_B2.87;3;3;3;3;OK;OK;Brief;Zweig, Stefan;9.11.1938;Deutsch (pauschal);-;nein;OK
SZ-AAL/B2.88;o:szd.3325;SZ_AAL_B2.88;5;5;5;5;OK;OK;Brief;Zweig, Stefan;10.4.1940;Deutsch (pauschal);-;nein;OK
SZ-AAL/B2.89;o:szd.3326;SZ_AAL_B2.89;5;5;5;5;OK;OK;Brief;Zweig, Stefan;11.4.1940;Deutsch (pauschal);-;nein;OK
SZ-AAL/B2.9;o:szd.3327;SZ_AAL_B2.9;5;5;5;5;OK;OK;Brief;Zweig, Stefan;14.8.1934;Deutsch (pauschal);-;nein;OK
SZ-AAL/B2.90;o:szd.3328;SZ_AAL_B2.90;3;3;3;3;OK;OK;Brief;Zweig, Stefan;13.4.1940;Deutsch (pauschal);-;nein;OK
SZ-AAL/B2.91;o:szd.3329;SZ_AAL_B2.91;5;5;5;5;OK;OK;Brief;Zweig, Stefan;13.4.1940;Deutsch (pauschal);-;nein;OK
SZ-AAL/B2.92;o:szd.3330;SZ_AAL_B2.92;5;5;5;5;OK;OK;Brief;Zweig, Stefan;16.4.1940;Deutsch (pauschal);-;nein;OK
SZ-AAL/B2.93;o:szd.3331;SZ_AAL_B2.93;5;5;5;5;OK;OK;Brief;Zweig, Stefan;19.4.1940;Deutsch (pauschal);-;nein;OK
SZ-AAL/B2.94;o:szd.3332;SZ_AAL_B2.94;5;5;5;5;OK;OK;Brief;Zweig, Stefan;19.4.1940;Deutsch (pauschal);-;nein;OK
SZ-AAL/B2.95;o:szd.3333;SZ_AAL_B2.95;5;5;5;5;OK;OK;Brief;Zweig, Stefan;21.4.1940;Deutsch (pauschal);-;nein;OK
SZ-AAL/B2.96;o:szd.3334;SZ_AAL_B2.96;5;5;5;5;OK;OK;Brief;Zweig, Stefan;22.4.1940;Deutsch (pauschal);-;nein;OK
SZ-AAL/B2.97;o:szd.3335;SZ_AAL_B2.97;5;5;5;5;OK;OK;Brief;Zweig, Stefan;24.4.1940;Deutsch (pauschal);-;nein;OK
SZ-AAL/B20;o:szd.3336;SZ_AAL_B20;5;5;5;5;OK;OK;Brief;Garcés, Mario;21.7.1937;Deutsch (pauschal);-;nein;OK
SZ-AAL/B21;o:szd.3337;SZ_AAL_B21;3;3;3;3;OK;OK;Brief;Singer, Emmerich;20.10.1938;Deutsch (pauschal);-;nein;OK
SZ-AAL/B3.1;o:szd.3338;SZ_AAL_B3.1;3;3;3;3;OK;OK;Brief;Zweig, Friderike;-;Deutsch (pauschal);-;nein;Datum leer
SZ-AAL/B3.10;o:szd.3339;SZ_AAL_B3.10;5;5;5;5;OK;OK;Brief;Zweig, Friderike;18.5.1936;Deutsch (pauschal);-;nein;OK
SZ-AAL/B3.100;o:szd.3340;SZ_AAL_B3.100;3;3;3;3;OK;OK;Brief;Zweig, Friderike;20.9.1937;Deutsch (pauschal);-;nein;OK
SZ-AAL/B3.101;o:szd.3341;SZ_AAL_B3.101;3;3;3;3;OK;OK;Kuvert;Zweig, Friderike;23.9.1937;Deutsch (pauschal);-;nein;OK
SZ-AAL/B3.102;o:szd.3342;SZ_AAL_B3.102;3;3;3;3;OK;OK;Brief;Zweig, Friderike;24.9.1937;Deutsch (pauschal);-;nein;OK
SZ-AAL/B3.103;o:szd.3343;SZ_AAL_B3.103;7;7;7;7;OK;OK;Brief;Meiler, Friedrich;24.9.1937;Deutsch (pauschal);-;nein;OK
SZ-AAL/B3.104;o:szd.3344;SZ_AAL_B3.104;3;3;3;3;OK;OK;Brief;Meiler, Friedrich;28.9.1937;Deutsch (pauschal);-;nein;OK
SZ-AAL/B3.105;o:szd.3345;SZ_AAL_B3.105;3;3;3;3;OK;OK;Brief;Zweig, Friderike;28.9.1937;Deutsch (pauschal);-;nein;OK
SZ-AAL/B3.106;o:szd.3346;SZ_AAL_B3.106;5;5;5;5;OK;OK;Brief;Meiler, Friedrich;30.9.1937;Deutsch (pauschal);-;nein;OK
SZ-AAL/B3.109;o:szd.3347;SZ_AAL_B3.109;7;7;7;7;OK;OK;Briefentwurf;Zweig, Stefan;29.7.1937;Deutsch (pauschal);-;nein;OK
SZ-AAL/B3.11;o:szd.3348;SZ_AAL_B3.11;3;3;3;3;OK;OK;Telegramm;Zweig, Friderike;1.7.1936;Deutsch (pauschal);-;nein;OK
SZ-AAL/B3.110;o:szd.3349;SZ_AAL_B3.110;3;3;3;3;OK;OK;Entwurf;Zweig, Stefan;-;Deutsch (pauschal);-;nein;Datum leer
SZ-AAL/B3.111;o:szd.3350;SZ_AAL_B3.111;5;5;5;5;OK;OK;Entwurf;Zweig, Stefan;-;Deutsch (pauschal);-;nein;Datum leer
SZ-AAL/B3.112;o:szd.3351;SZ_AAL_B3.112;9;9;9;9;OK;OK;Brief;Zweig, Friderike;-;Deutsch (pauschal);-;nein;Datum leer
SZ-AAL/B3.113;o:szd.3352;SZ_AAL_B3.113;3;3;3;3;OK;OK;Brief;Zweig, Friderike;-;Deutsch (pauschal);-;nein;Datum leer
SZ-AAL/B3.114;o:szd.3353;SZ_AAL_B3.114;5;5;5;5;OK;OK;Brief;Zweig, Friderike;-;Deutsch (pauschal);-;nein;Datum leer
SZ-AAL/B3.115;o:szd.3354;SZ_AAL_B3.115;5;5;5;5;OK;OK;Brief;Zweig, Friderike;-;Deutsch (pauschal);-;nein;Datum leer
SZ-AAL/B3.116;o:szd.3355;SZ_AAL_B3.116;5;5;5;5;OK;OK;Brief;Zweig, Friderike;-;Deutsch (pauschal);-;nein;Datum leer
SZ-AAL/B3.117;o:szd.3356;SZ_AAL_B3.117;5;5;5;5;OK;OK;Brief;Zweig, Friderike;-;Deutsch (pauschal);-;nein;Datum leer
SZ-AAL/B3.118;o:szd.3357;SZ_AAL_B3.118;7;7;7;7;OK;OK;Brief;Zweig, Friderike;-;Deutsch (pauschal);-;nein;Datum leer
SZ-AAL/B3.119;o:szd.3358;SZ_AAL_B3.119;5;5;5;5;OK;OK;Brief;Zweig, Friderike;-;Deutsch (pauschal);-;nein;Datum leer
SZ-AAL/B3.12;o:szd.3359;SZ_AAL_B3.12;7;7;7;7;OK;OK;Brief;Zweig, Friderike;20.7.1936;Deutsch (pauschal);-;nein;OK
SZ-AAL/B3.120;o:szd.3360;SZ_AAL_B3.120;5;5;5;5;OK;OK;Brief;Zweig, Friderike;-;Deutsch (pauschal);-;nein;Datum leer
SZ-AAL/B3.121;o:szd.3361;SZ_AAL_B3.121;11;11;11;11;OK;OK;Brief;Zweig, Friderike;-;Deutsch (pauschal);-;nein;Datum leer
SZ-AAL/B3.122;o:szd.3362;SZ_AAL_B3.122;5;5;5;5;OK;OK;Brief;Zweig, Friderike;-;Deutsch (pauschal);-;nein;Datum leer
SZ-AAL/B3.123;o:szd.3363;SZ_AAL_B3.123;9;9;9;9;OK;OK;Brief;Zweig, Friderike;-;Deutsch (pauschal);-;nein;Datum leer
SZ-AAL/B3.124;o:szd.3364;SZ_AAL_B3.124;9;9;9;9;OK;OK;Brief;Zweig, Friderike;-;Deutsch (pauschal);-;nein;Datum leer
SZ-AAL/B3.125;o:szd.3365;SZ_AAL_B3.125;5;5;5;5;OK;OK;Brief;Zweig, Friderike;-;Deutsch (pauschal);-;nein;Datum leer
SZ-AAL/B3.126;o:szd.3366;SZ_AAL_B3.126;3;3;3;3;OK;OK;Brief;Zweig, Friderike;-;Deutsch (pauschal);-;nein;Datum leer
SZ-AAL/B3.127;o:szd.3367;SZ_AAL_B3.127;3;3;3;3;OK;OK;Brieffragment;Zweig, Friderike;-;Deutsch (pauschal);-;nein;Datum leer
SZ-AAL/B3.128;o:szd.3368;SZ_AAL_B3.128;3;3;3;3;OK;OK;Brieffragment;Zweig, Friderike;-;Deutsch (pauschal);-;nein;Datum leer
SZ-AAL/B3.130;o:szd.3369;SZ_AAL_B3.130;3;3;3;3;OK;OK;Brieffragment;Zweig, Friderike;-;Deutsch (pauschal);-;nein;Datum leer
SZ-AAL/B3.132;o:szd.3370;SZ_AAL_B3.132;3;3;3;3;OK;OK;Brief;Haupolter, Walter;25.8.1938;Deutsch (pauschal);-;nein;OK
SZ-AAL/B3.133;o:szd.3371;SZ_AAL_B3.133;3;3;3;3;OK;OK;Brief;Haupolter, Walter;16.9.1938;Deutsch (pauschal);-;nein;OK
SZ-AAL/B3.134;o:szd.3372;SZ_AAL_B3.134;3;3;3;3;OK;OK;Brief;Zweig, Stefan;19.9.1938;Deutsch (pauschal);-;nein;OK
SZ-AAL/B3.135;o:szd.3373;SZ_AAL_B3.135;3;3;3;3;OK;OK;Brief;Hofmannsthal, Emil von;28.9.1938;Deutsch (pauschal);-;nein;OK
SZ-AAL/B3.136;o:szd.3374;SZ_AAL_B3.136;3;3;3;3;OK;OK;Brief;Haupolter, Walter;23.11.1938;Deutsch (pauschal);-;nein;OK
SZ-AAL/B3.137;o:szd.3375;SZ_AAL_B3.137;15;15;15;15;OK;OK;Brief;Haupolter, Walter;2.12.1938;Deutsch (pauschal);-;nein;OK
SZ-AAL/B3.138;o:szd.3376;SZ_AAL_B3.138;3;3;3;3;OK;OK;Brief;Unidentified;7.12.1938;Deutsch (pauschal);-;nein;Autor unueblich: 'Unidentified'
SZ-AAL/B3.139;o:szd.3377;SZ_AAL_B3.139;3;3;3;3;OK;OK;Brief;Zweig, Friderike;8.12.1938;Deutsch (pauschal);-;nein;OK
SZ-AAL/B3.14;o:szd.3378;SZ_AAL_B3.14;5;5;5;5;OK;OK;Brief;Zweig, Friderike;17.11.1936;Deutsch (pauschal);-;nein;OK
SZ-AAL/B4.1;o:szd.3379;SZ_AAL_B4.1;7;7;7;7;OK;OK;Brief;Maass, Joachim;24.1.1936;Deutsch (pauschal);-;nein;OK
SZ-AAL/B4.2;o:szd.3380;SZ_AAL_B4.2;7;7;7;7;OK;OK;Brief;Maass, Joachim;7.1.1936;Deutsch (pauschal);-;nein;OK
SZ-AAL/B4.3;o:szd.3381;SZ_AAL_B4.3;5;5;5;5;OK;OK;Brief;Maass, Joachim;2.4.1936;Deutsch (pauschal);-;nein;OK
SZ-AAL/B4.4;o:szd.3382;SZ_AAL_B4.4;5;5;5;5;OK;OK;Brief;Maass, Joachim;30.5.1936;Deutsch (pauschal);-;nein;OK
SZ-AAL/B4.5;o:szd.3383;SZ_AAL_B4.5;5;5;5;5;OK;OK;Brief;Maass, Joachim;10.10.1936;Deutsch (pauschal);-;nein;OK
SZ-AAL/B4.6;o:szd.3384;SZ_AAL_B4.6;3;3;3;3;OK;OK;Brief;Maass, Joachim;7.4.1938;Deutsch (pauschal);-;nein;OK
SZ-AAL/B4.7;o:szd.3385;SZ_AAL_B4.7;3;3;3;3;OK;OK;Postkarte;Maass, Joachim;25.5.1938;Deutsch (pauschal);-;nein;OK
SZ-AAL/B4.8;o:szd.3386;SZ_AAL_B4.8;3;3;3;3;OK;OK;Brief;Maass, Joachim;12.6.1938;Deutsch (pauschal);-;nein;OK
SZ-AAL/B4.9;o:szd.3387;SZ_AAL_B4.9;3;3;3;3;OK;OK;Postkarte;Maass, Joachim;27.7.1938;Deutsch (pauschal);-;nein;OK
SZ-AAL/B5.1;o:szd.3388;SZ_AAL_B5.1;3;3;3;3;OK;OK;Brief;Walter, Rose;3.9.1935;Deutsch (pauschal);-;nein;OK
SZ-AAL/B5.2;o:szd.3389;SZ_AAL_B5.2;5;5;5;5;OK;OK;Brief;Walter, Rose;19.9.1935;Deutsch (pauschal);-;nein;OK
SZ-AAL/B6;o:szd.3390;SZ_AAL_B6;3;3;3;3;OK;OK;Ansichtspostkarte;Zweig, Friderike;06.1934;Deutsch (pauschal);-;nein;OK
SZ-AAL/B7.1;o:szd.3391;SZ_AAL_B7.1;5;5;5;5;OK;OK;Brief;Kaufmann, Charlotte;3.2.1936;Deutsch (pauschal);-;nein;OK
SZ-AAL/B7.2;o:szd.3392;SZ_AAL_B7.2;5;5;5;5;OK;OK;Brief;Kaufmann, Charlotte;20.3.1936;Deutsch (pauschal);-;nein;OK
SZ-AAL/B8.1;o:szd.3393;SZ_AAL_B8.1;5;5;5;5;OK;OK;Brief;Bauer, Walter;13.8.1935;Deutsch (pauschal);-;nein;OK
SZ-AAL/B8.2;o:szd.3394;SZ_AAL_B8.2;5;5;5;5;OK;OK;Brief;Bauer, Walter;10.1.1936;Deutsch (pauschal);-;nein;OK
SZ-AAL/B9.1;o:szd.3395;SZ_AAL_B9.1;5;5;5;5;OK;OK;Brief;Roth, Joseph;27.2.1935;Deutsch (pauschal);-;nein;OK
SZ-AAL/B9.2;o:szd.3396;SZ_AAL_B9.2;3;3;3;3;OK;OK;Brief;Roth, Joseph;8.8.1936;Deutsch (pauschal);-;nein;OK
SZ-AAL/B9.3;o:szd.3397;SZ_AAL_B9.3;3;3;3;3;OK;OK;Brief;Roth, Joseph;13.8.1936;Deutsch (pauschal);-;nein;OK
SZ-AAL/B9.4;o:szd.3398;SZ_AAL_B9.4;3;3;3;3;OK;OK;Ansichtspostkarte;Roth, Joseph;6.6.1937;Deutsch (pauschal);-;nein;OK
